{
    "master": "4d932657620afdd00d85ac9d9d596b8909a9aa384d6f32c6d594d9eab60c6957",
    "passwords": {
        "instagram.com": {
            "username": "bonglado",
            "password": "gAAAAABpa0lVBpE0X-LhGtaoQUKtx45Pmetv3oFdZJfVMPYs04EehtoGwY3xeKHzQMNeddj_N0mMXQLmyzvkwuFiFF3v1DgPZw=="
        },
        "linked in": {
            "username": "shokufe",
            "password": "gAAAAABpa0l11h6BLLNKtTHiRMT9r2ci5oD3lB8CQyC2iZRjWdfgrZOw2L8DddlScWgNkakj-4vnqONP4ICV_atTbkz1bRqySimvpk5PLlv8TYDnd2KX9cY="
        }
    }
}